"","id","title","release_frequency","next_release","description","links_latest_versions","links_self_href","qmi_href"
"1","wellbeing-quarterly","Quarterly personal well-being estimates","Quarterly","TBC","Seasonally and non seasonally-adjusted quarterly estimates of life satisfaction, feeling that the things done in life are worthwhile, happiness and anxiety in the UK.","https://api.beta.ons.gov.uk/v1/datasets/wellbeing-quarterly/editions/time-series/versions/9","https://api.beta.ons.gov.uk/v1/datasets/wellbeing-quarterly","https://www.ons.gov.uk/peoplepopulationandcommunity/wellbeing/methodologies/personalwellbeingintheukqmi"
"2","wellbeing-local-authority","Personal well-being estimates by local authority","Annual","TBC","Estimates of life satisfaction, feeling that the things done in life are worthwhile, happiness and anxiety at the UK, country, regional, county, local and unitary authority level.","https://api.beta.ons.gov.uk/v1/datasets/wellbeing-local-authority/editions/time-series/versions/4","https://api.beta.ons.gov.uk/v1/datasets/wellbeing-local-authority","https://www.ons.gov.uk/peoplepopulationandcommunity/wellbeing/methodologies/personalwellbeingintheukqmi"
"3","weekly-deaths-region","Deaths registered weekly in England and Wales by region","Weekly","24 April 2024","Provisional counts of the number of deaths registered in England and Wales, by region, in the latest weeks for which data are available.","https://api.beta.ons.gov.uk/v1/datasets/weekly-deaths-region/editions/time-series/versions/14","https://api.beta.ons.gov.uk/v1/datasets/weekly-deaths-region","https://www.ons.gov.uk/peoplepopulationandcommunity/birthsdeathsandmarriages/deaths/methodologies/mortalitystatisticsinenglandandwalesqmi"
"4","weekly-deaths-local-authority","Death registrations and occurrences by local authority and place of death","Weekly","17 January 2024","Provisional counts of the number of deaths registered in England and Wales, including deaths involving the coronavirus (COVID-19), by local authority, health board and place of death in the latest weeks for which data are available.","https://api.beta.ons.gov.uk/v1/datasets/weekly-deaths-local-authority/editions/2023/versions/50","https://api.beta.ons.gov.uk/v1/datasets/weekly-deaths-local-authority","https://www.ons.gov.uk/peoplepopulationandcommunity/birthsdeathsandmarriages/deaths/methodologies/mortalitystatisticsinenglandandwalesqmi"
"5","weekly-deaths-health-board","Death registrations and occurrences by health board and place of death","Weekly","17 January 2024","Provisional counts of the number of deaths registered in Wales, by health board and place of death, in the latest weeks for which data are available.","https://api.beta.ons.gov.uk/v1/datasets/weekly-deaths-health-board/editions/2023/versions/50","https://api.beta.ons.gov.uk/v1/datasets/weekly-deaths-health-board","https://www.ons.gov.uk/peoplepopulationandcommunity/birthsdeathsandmarriages/deaths/methodologies/mortalitystatisticsinenglandandwalesqmi"
"6","weekly-deaths-age-sex","Deaths registered weekly in England and Wales by age and sex","Weekly","24 April 2024","Provisional counts of the number of deaths registered in England and Wales, by age and sex, in the latest weeks for which data are available.","https://api.beta.ons.gov.uk/v1/datasets/weekly-deaths-age-sex/editions/time-series/versions/14","https://api.beta.ons.gov.uk/v1/datasets/weekly-deaths-age-sex","https://www.ons.gov.uk/peoplepopulationandcommunity/birthsdeathsandmarriages/deaths/methodologies/mortalitystatisticsinenglandandwalesqmi"
"7","uk-spending-on-cards","UK spending on credit and debit cards","Weekly","To be announced","These data series are experimental faster indicators for monitoring UK spending using debit and credit cards.","https://api.beta.ons.gov.uk/v1/datasets/uk-spending-on-cards/editions/time-series/versions/125","https://api.beta.ons.gov.uk/v1/datasets/uk-spending-on-cards","https://www.bankofengland.co.uk/payment-and-settlement/chaps-faster-indicator"
"8","uk-business-by-enterprises-and-local-units","UK Business: Activity, Size and Location","Annual","To be announced","The data contained in these tables are numbers of enterprises and local units produced from a snapshot of the Inter-Departmental Business Register (IDBR) taken on 12 March 2021. This dataset contains details of the number of VAT and/or PAYE based enterprises and local units in districts, counties and unitary authorities within region and country by broad industry group.","https://api.beta.ons.gov.uk/v1/datasets/uk-business-by-enterprises-and-local-units/editions/2022/versions/1","https://api.beta.ons.gov.uk/v1/datasets/uk-business-by-enterprises-and-local-units","https://www.ons.gov.uk/businessindustryandtrade/business/activitysizeandlocation/methodologies/ukbusinessactivitysizeandlocationqmi"
"9","traffic-camera-activity","Traffic Camera Activity","Weekly","To be announced","Experimental dataset for business indices covering the UK as part of the real-time indicators release to help better understand economic activity and social change in the UK.","https://api.beta.ons.gov.uk/v1/datasets/traffic-camera-activity/editions/time-series/versions/100","https://api.beta.ons.gov.uk/v1/datasets/traffic-camera-activity","https://datasciencecampus.ons.gov.uk/projects/estimating-vehicle-and-pedestrian-activity-from-town-and-city-traffic-cameras/"
"10","trade","Trade in goods: country by commodity","Monthly","12 April 2024","Country by commodity data on the UK's trade in goods, including trade by all countries and selected commodities, exports and imports, non seasonally adjusted.","https://api.beta.ons.gov.uk/v1/datasets/trade/editions/time-series/versions/42","https://api.beta.ons.gov.uk/v1/datasets/trade","https://www.ons.gov.uk/economy/nationalaccounts/balanceofpayments/methodologies/uktradeqmi"
"11","tax-benefits-statistics","Effects of Taxes and Benefits on Household Income","Annual","TBA","Estimates of mean and median annual incomes in the UK, by quintile groups.
The redistribution effects on individuals of direct and indirect taxation and benefits received in cash or kind.","https://api.beta.ons.gov.uk/v1/datasets/tax-benefits-statistics/editions/time-series/versions/3","https://api.beta.ons.gov.uk/v1/datasets/tax-benefits-statistics","https://www.ons.gov.uk/peoplepopulationandcommunity/personalandhouseholdfinances/incomeandwealth/methodologies/theeffectsoftaxesandbenefitsonukhouseholdincome"
"12","suicides-in-the-uk","Suicide registrations in England and Wales by local authority","Annually","To be announced","Number of suicides by local authority in England and Wales, registered from 2001.

If you are struggling to cope, please call Samaritans for free on 116 123 (UK and ROI) or contact other sources of support, such as those listed on the NHS’s help for suicidal thoughts webpage. Support is available round the clock, every single day of the year, providing a safe place for anyone struggling to cope, whoever they are, however they feel, whatever life has done to them.","https://api.beta.ons.gov.uk/v1/datasets/suicides-in-the-uk/editions/2022/versions/1","https://api.beta.ons.gov.uk/v1/datasets/suicides-in-the-uk","https://www.ons.gov.uk/peoplepopulationandcommunity/birthsdeathsandmarriages/deaths/methodologies/suicideratesintheukqmi"
"13","sexual-orientation-by-region","Sexual orientation by English regions and UK countries","Annual","To be announced","Sexual orientation in the UK from 2012 to 2020 by region.

Data source: Annual Population Survey, ONS
","https://api.beta.ons.gov.uk/v1/datasets/sexual-orientation-by-region/editions/time-series/versions/3","https://api.beta.ons.gov.uk/v1/datasets/sexual-orientation-by-region","https://www.ons.gov.uk/peoplepopulationandcommunity/culturalidentity/sexuality/methodologies/sexualidentityukqmi"
"14","sexual-orientation-by-age-and-sex","Sexual orientation by age and sex","Annual","To be announced","Sexual orientation in the UK by sex and age, 2014 to 2020.

Source: Annual Population Survey, ONS","https://api.beta.ons.gov.uk/v1/datasets/sexual-orientation-by-age-and-sex/editions/time-series/versions/3","https://api.beta.ons.gov.uk/v1/datasets/sexual-orientation-by-age-and-sex","https://www.ons.gov.uk/peoplepopulationandcommunity/culturalidentity/sexuality/methodologies/sexualidentityukqmi"
"15","retail-sales-index-large-and-small-businesses","Retail sales index - large and small businesses","Monthly","19 April 2024","Value and volume of retail sales broken down by size of business","https://api.beta.ons.gov.uk/v1/datasets/retail-sales-index-large-and-small-businesses/editions/time-series/versions/24","https://api.beta.ons.gov.uk/v1/datasets/retail-sales-index-large-and-small-businesses","https://www.ons.gov.uk/businessindustryandtrade/retailindustry/methodologies/retailsalesindexrsiqmi"
"16","retail-sales-index-all-businesses","Retail sales index - all businesses","Monthly","19 April 2024","Value and volume of retail sales for all businesses.","https://api.beta.ons.gov.uk/v1/datasets/retail-sales-index-all-businesses/editions/time-series/versions/24","https://api.beta.ons.gov.uk/v1/datasets/retail-sales-index-all-businesses","https://www.ons.gov.uk/businessindustryandtrade/retailindustry/methodologies/retailsalesindexrsiqmi"
"17","retail-sales-index","Retail sales index","Monthly","19 April 2024","Retail sales data for Great Britain in value and volume terms, seasonally and non-seasonally adjusted.","https://api.beta.ons.gov.uk/v1/datasets/retail-sales-index/editions/time-series/versions/24","https://api.beta.ons.gov.uk/v1/datasets/retail-sales-index","https://www.ons.gov.uk/businessindustryandtrade/retailindustry/methodologies/retailsalesindexrsiqmi"
"18","regional-gdp-by-year","Annual GDP for England, Wales and the English regions","Annual","TBA","Annual economic activity within England, Wales and the nine English regions (North East, North West, Yorkshire and the Humber, East Midlands, West Midlands, East of England, Greater London, South East, South West).","https://api.beta.ons.gov.uk/v1/datasets/regional-gdp-by-year/editions/time-series/versions/6","https://api.beta.ons.gov.uk/v1/datasets/regional-gdp-by-year","https://www.ons.gov.uk/economy/grossdomesticproductgdp/methodologies/grossdomesticproductgdpukregionsandcountriesqmi"
"19","regional-gdp-by-quarter","Quarterly GDP for England, Wales and the English regions","To be announced","To be announced","Quarterly economic activity within England, Wales and the nine English regions (North East, North West, Yorkshire and The Humber, East Midlands, West Midlands, East of England, London, South East, South West).","https://api.beta.ons.gov.uk/v1/datasets/regional-gdp-by-quarter/editions/time-series/versions/6","https://api.beta.ons.gov.uk/v1/datasets/regional-gdp-by-quarter","https://www.ons.gov.uk/economy/grossdomesticproductgdp/methodologies/grossdomesticproductgdpukregionsandcountriesqmi"
"20","projections-older-people-sex-ratios","Local authority ageing statistics, projected sex ratios for older people","Biennial","To be announced","Projected indicators included are derived from the published 2018-based subnational population projections for England, Wales, Scotland and Northern Ireland up to the year 2043. The indicators are the projected sex ratio for those aged 65 years and over and the projected sex ratio for those aged 85 years and over. A sex ratio shows the number of males in the population for every 100 females.

This dataset has been produced by the Ageing Analysis Team for inclusion in the subnational ageing tool, which was published on July 20, 2020 (see link in Related datasets). The tool is interactive, and users can compare latest and projected measures of ageing for up to four different areas through selection on a map or from a drop-down menu. 

Note on data sources: England, Wales, Scotland and Northern Ireland independently publish subnational population projections and the data available here are a compilation of these datasets. The ONS publish national level data for the UK, England, Wales and England & Wales, which has been included. National level data for Scotland and Northern Ireland have been taken from their subnational population projections datasets.","https://api.beta.ons.gov.uk/v1/datasets/projections-older-people-sex-ratios/editions/time-series/versions/1","https://api.beta.ons.gov.uk/v1/datasets/projections-older-people-sex-ratios","https://www.ons.gov.uk/peoplepopulationandcommunity/populationandmigration/populationprojections/methodologies/subnationalpopulationprojectionsqmi"
